{
  "buttons": [
    {
      "id": "I3323:176;5446:6744",
      "name": "Button 1",
      "type": "INSTANCE",
      "componentId": "3323:32",
      "position": {
        "x": -136,
        "y": 43,
        "width": 272,
        "height": 48
      },
      "properties": {
        "text": "Primary",
        "mode": "Light",
        "type": "Primary"
      },
      "style": {
        "backgroundColor": {
          "r": 1,
          "g": 1,
          "b": 1,
          "a": 0.6
        },
        "cornerRadius": 100,
        "cornerSmoothing": 0.6
      },
      "layout": {
        "mode": "HORIZONTAL",
        "alignItems": "CENTER",
        "justifyContent": "CENTER",
        "padding": {
          "left": 16,
          "right": 16,
          "top": 13,
          "bottom": 13
        }
      }
    },
    {
      "id": "I3323:176;5446:7598",
      "name": "Button 2",
      "type": "INSTANCE",
      "componentId": "3323:30",
      "position": {
        "x": -136,
        "y": 101,
        "width": 272,
        "height": 48
      },
      "properties": {
        "text": "Destructive",
        "mode": "Light",
        "type": "Destructive"
      },
      "style": {
        "backgroundColor": {
          "r": 0,
          "g": 0,
          "b": 0,
          "a": 0
        },
        "cornerRadius": 100,
        "cornerSmoothing": 0.6
      },
      "layout": {
        "mode": "HORIZONTAL",
        "alignItems": "CENTER",
        "justifyContent": "CENTER",
        "padding": {
          "left": 16,
          "right": 16,
          "top": 13,
          "bottom": 13
        }
      }
    },
    {
      "id": "I3323:176;5446:7604",
      "name": "Button 3",
      "type": "INSTANCE",
      "componentId": "3323:31",
      "position": {
        "x": -136,
        "y": 159,
        "width": 272,
        "height": 48
      },
      "properties": {
        "text": "Secondary",
        "mode": "Light",
        "type": "Secondary"
      },
      "style": {
        "backgroundColor": {
          "r": 0,
          "g": 0,
          "b": 0,
          "a": 0
        },
        "cornerRadius": 100,
        "cornerSmoothing": 0.6
      },
      "layout": {
        "mode": "HORIZONTAL",
        "alignItems": "CENTER",
        "justifyContent": "CENTER",
        "padding": {
          "left": 16,
          "right": 16,
          "top": 13,
          "bottom": 13
        }
      }
    }
  ]
}