{
  "componentLibrary": {
    "3323:148": {
      "key": "fa462a8e7bd84f5295764908dec90a7f3d915932",
      "name": "Alert",
      "description": "",
      "type": "componentSet",
      "variants": {
        "3323:150": {
          "key": "1dab7bebbe25409eadc11fea067d377030c7b500",
          "name": "Type=Stacked",
          "properties": {
            "Type": "Stacked"
          }
        }
      }
    },
    "3323:7": {
      "key": "bd391cb149b691b441f45ceb4fef660dfb50bdca", 
      "name": "Liquid Glass - Regular - Medium",
      "description": "",
      "type": "componentSet",
      "variants": {
        "3323:9": {
          "key": "e59621feab05ed0206da0f146035e62241fa3128",
          "name": "Mode=Light",
          "properties": {
            "Mode": "Light"
          }
        }
      }
    },
    "3323:125": {
      "key": "7aba90bfa152536a5dd439235a094feff7d782f5",
      "name": "Text Field",
      "description": "",
      "type": "componentSet",
      "variants": {
        "3323:128": {
          "key": "c469f9bddbb592968fa261c4e7407cf6a2e5d74f",
          "name": "State=Value Entered",
          "properties": {
            "State": "Value Entered"
          }
        },
        "3323:126": {
          "key": "8b87c005dd68ea43824ef9806e67f594df048c1f",
          "name": "State=Placeholder", 
          "properties": {
            "State": "Placeholder"
          }
        }
      }
    },
    "3323:26": {
      "key": "7850eca55c501378c1c50f04d654cfeee74daaff",
      "name": "_Buttons",
      "description": "",
      "type": "componentSet",
      "variants": {
        "3323:32": {
          "key": "fe6dacb6ac363fdcec74f2356a1a62ce4cf86617",
          "name": "Mode=Light, Type=Primary",
          "properties": {
            "Mode": "Light",
            "Type": "Primary"
          }
        },
        "3323:30": {
          "key": "b75ac10488b042ca5a6dc8806313d8c242c2724b",
          "name": "Mode=Light, Type=Destructive",
          "properties": {
            "Mode": "Light", 
            "Type": "Destructive"
          }
        },
        "3323:31": {
          "key": "98da462ca129a087772e2af39439c98548772c20",
          "name": "Mode=Light, Type=Secondary",
          "properties": {
            "Mode": "Light",
            "Type": "Secondary" 
          }
        }
      }
    }
  }
}