{
  "components": [
    {
      "id": "3323:176",
      "name": "Alert",
      "type": "INSTANCE",
      "componentId": "3323:150",
      "position": {
        "x": -150,
        "y": -222,
        "width": 300,
        "height": 443
      },
      "layout": {
        "mode": "VERTICAL",
        "counterAxisSizingMode": "FIXED",
        "primaryAxisAlignItems": "CENTER",
        "padding": {
          "left": 14,
          "right": 14,
          "top": 14,
          "bottom": 14
        },
        "itemSpacing": 10
      },
      "properties": {
        "Show Field 2": true,
        "Show Fields": true,
        "Type": "Stacked"
      }
    }
  ]
}