{
  "styles": {
    "colors": {
      "fuschia": {
        "100": {
          "key": "39e1fcaa6b43ed44ace5420a388fe62be4476b08",
          "name": "Fuschia/100"
        },
        "80": {
          "key": "622822cd29ad2527b8f84577147534eab2a3ba31",
          "name": "Fuschia/80"
        },
        "60": {
          "key": "697039d501349ef4e08c2da3a12f1ae884a725d8",
          "name": "Fuschia/60"
        }
      },
      "iris": {
        "100": {
          "key": "a1126a418ec39ec1d96fbfb9e91226afec7f0083",
          "name": "Iris/100"
        },
        "80": {
          "key": "3d0245194bd2219a0702de241fad2c581a274916",
          "name": "Iris/80"
        },
        "60": {
          "key": "8b1b6480cf754b8e4aabca8564bbb7d0546f5885",
          "name": "Iris/60"
        }
      }
    },
    "typography": {
      "header1": {
        "key": "0e30d9973294cc16da6d94815f5ae71a3933072b",
        "name": "Header 1"
      },
      "header2": {
        "key": "251b154e360e9d7740f94dd2936fe2abdce592cf",
        "name": "Header 2"
      },
      "body": {
        "key": "4116fce6c4d50f90af5aa6c7ce7dc941fac0db28",
        "name": "Body"
      }
    }
  },
  "effects": {
    "glassMorphism": {
      "shadow": {
        "type": "DROP_SHADOW",
        "radius": 80,
        "color": {
          "r": 0,
          "g": 0,
          "b": 0,
          "a": 0.08
        }
      },
      "blur": {
        "type": "BACKGROUND_BLUR",
        "radius": 80
      },
      "glassEffect": {
        "type": "GLASS",
        "visible": true
      }
    }
  }
}