{
  "inputFields": [
    {
      "id": "I3323:176;65:57662",
      "name": "Text Field",
      "type": "INSTANCE",
      "componentId": "3323:128",
      "position": {
        "x": -136,
        "y": -38,
        "width": 272,
        "height": 52
      },
      "properties": {
        "state": "Value Entered"
      },
      "style": {
        "backgroundColor": {
          "r": 0,
          "g": 0,
          "b": 0,
          "a": 0
        }
      },
      "layout": {
        "mode": "HORIZONTAL",
        "alignItems": "CENTER",
        "padding": {
          "left": 16,
          "right": 16
        }
      },
      "fieldType": "text",
      "visible": true
    },
    {
      "id": "I3323:176;5469:8177",
      "name": "Text Field",
      "type": "INSTANCE",
      "componentId": "3323:126",
      "position": {
        "x": -136,
        "y": 14,
        "width": 272,
        "height": 52
      },
      "properties": {
        "state": "Placeholder"
      },
      "style": {
        "backgroundColor": {
          "r": 0,
          "g": 0,
          "b": 0,
          "a": 0
        }
      },
      "layout": {
        "mode": "HORIZONTAL",
        "alignItems": "CENTER",
        "padding": {
          "left": 16,
          "right": 16
        }
      },
      "fieldType": "text",
      "visible": true,
      "showCondition": "Show Field 2"
    }
  ]
}