{
  "layout": {
    "alertComponent": {
      "id": "3323:176",
      "name": "Alert",
      "type": "INSTANCE",
      "dimensions": {
        "width": 300,
        "height": 443,
        "x": -150,
        "y": -222
      },
      "layout": {
        "direction": "column",
        "alignItems": "center",
        "gap": 10,
        "padding": {
          "all": 14
        }
      },
      "children": [
        {
          "section": "background",
          "id": "I3323:176;5742:38608",
          "name": "BG",
          "type": "background-container",
          "effects": ["shadow", "fill", "glassEffect"]
        },
        {
          "section": "content",
          "id": "I3323:176;61:67654",
          "name": "Title and Description",
          "type": "text-container",
          "layout": {
            "direction": "column",
            "gap": 10,
            "padding": {
              "horizontal": 8,
              "vertical": "8px 24px"
            }
          },
          "children": ["title", "description"]
        },
        {
          "section": "inputs",
          "id": "I3323:176;5446:7168",
          "name": "Text Field(s)",
          "type": "form-container",
          "conditional": "Show Fields",
          "layout": {
            "direction": "column",
            "gap": 0,
            "paddingBottom": 19
          },
          "children": ["textField1", "textField2"]
        },
        {
          "section": "actions",
          "id": "I3323:176;537:39280",
          "name": "Buttons",
          "type": "button-container",
          "layout": {
            "direction": "column",
            "gap": 10
          },
          "children": ["primaryButton", "destructiveButton", "secondaryButton"]
        }
      ]
    }
  }
}