{
  "reactComponentStructure": {
    "Alert": {
      "componentName": "Alert",
      "props": {
        "showFields": "boolean",
        "showField2": "boolean", 
        "type": "string", // "Stacked"
        "mode": "string" // "Light"
      },
      "structure": {
        "container": {
          "className": "alert-container",
          "style": {
            "position": "relative",
            "width": "300px",
            "height": "auto",
            "minHeight": "443px",
            "display": "flex",
            "flexDirection": "column",
            "alignItems": "center",
            "gap": "10px",
            "padding": "14px"
          },
          "children": [
            {
              "component": "AlertBackground",
              "props": {
                "mode": "props.mode"
              }
            },
            {
              "component": "AlertContent",
              "children": [
                {
                  "component": "AlertTitle",
                  "text": "A Short Title Is Best"
                },
                {
                  "component": "AlertDescription", 
                  "text": "A description should be a short, complete sentence."
                }
              ]
            },
            {
              "component": "AlertFields",
              "conditional": "props.showFields",
              "children": [
                {
                  "component": "TextField",
                  "props": {
                    "state": "value-entered"
                  }
                },
                {
                  "component": "TextField",
                  "conditional": "props.showField2",
                  "props": {
                    "state": "placeholder"
                  }
                }
              ]
            },
            {
              "component": "AlertButtons",
              "children": [
                {
                  "component": "Button",
                  "props": {
                    "type": "primary",
                    "mode": "props.mode",
                    "text": "Primary"
                  }
                },
                {
                  "component": "Button",
                  "props": {
                    "type": "destructive", 
                    "mode": "props.mode",
                    "text": "Destructive"
                  }
                },
                {
                  "component": "Button",
                  "props": {
                    "type": "secondary",
                    "mode": "props.mode", 
                    "text": "Secondary"
                  }
                }
              ]
            }
          ]
        }
      }
    }
  }
}